Time (s),Memory (MB),Peak Memory (MB)
159.52038621902466,-400.9375,17.972631454467773
